<annotation>
    <folder>XS_1224</folder>
    <filename>image-10746.jpg</filename>
    <size>
        <width>720</width>
        <height>480</height>
        <depth>3</depth>
    </size>
    <segmented>0</segmented>
    <object>
        <name>face</name>
        <pose>Unspecified</pose>
        <truncated>0</truncated>
        <occluded>0</occluded>
        <difficult>0</difficult>
        <bndbox>
            <xmin>388</xmin>
            <ymin>180</ymin>
            <xmax>628</xmax>
            <ymax>480</ymax>
        </bndbox>
    </object>
</annotation>