<annotation>
    <folder>XS_0803</folder>
    <filename>image-08414.jpg</filename>
    <size>
        <width>720</width>
        <height>480</height>
        <depth>3</depth>
    </size>
    <segmented>0</segmented>
    <object>
        <name>face</name>
        <pose>Unspecified</pose>
        <truncated>0</truncated>
        <occluded>0</occluded>
        <difficult>0</difficult>
        <bndbox>
            <xmin>597</xmin>
            <ymin>140</ymin>
            <xmax>698</xmax>
            <ymax>263</ymax>
        </bndbox>
    </object>
</annotation>