<annotation>
    <folder>XS_1635</folder>
    <filename>image-01281.jpg</filename>
    <size>
        <width>720</width>
        <height>480</height>
        <depth>3</depth>
    </size>
    <segmented>0</segmented>
    <object>
        <name>face</name>
        <pose>Unspecified</pose>
        <truncated>0</truncated>
        <occluded>0</occluded>
        <difficult>0</difficult>
        <bndbox>
            <xmin>58</xmin>
            <ymin>82</ymin>
            <xmax>246</xmax>
            <ymax>278</ymax>
        </bndbox>
    </object>
</annotation>