"video","num_frames"
"XS_0805","20501"
"XS_1211","62780"
"XS_1629","27523"
"XS_1219","27591"
"XS_0819","28285"
"XS_1628","56478"
"XS_1222","27731"
"XS_0822","27620"
"XS_1631","4105"
"XS_1218","21241"
"XS_1205","67365"
"XS_1604","26932"
"XS_1224","26491"
"XS_0814","21135"
"XS_1216","28318"
"XS_1208","17038"
"XS_0821","28711"
"XS_0825","27692"
"XS_1225","55521"
"XS_0801","20020"
"XS_0826","14518"
"XS_1635","3086"
"XS_1612","14370"
"XS_0815","25981"
"XS_1638","26280"
"XS_1634","27999"
"XS_0811","13453"
"XS_1619","26396"
"XS_1201","7666"
"XS_1614","12289"
"XS_1622","26451"
"XS_1639","26499"
"XS_1230","8190"
"XS_0803","22635"
"XS_0807","19313"
"XS_1229","27256"
