<annotation>
    <folder>XS_0826</folder>
    <filename>image-05447.jpg</filename>
    <size>
        <width>720</width>
        <height>480</height>
        <depth>3</depth>
    </size>
    <segmented>0</segmented>
    <object>
        <name>face</name>
        <pose>Unspecified</pose>
        <truncated>0</truncated>
        <occluded>0</occluded>
        <difficult>0</difficult>
        <bndbox>
            <xmin>307</xmin>
            <ymin>15</ymin>
            <xmax>563</xmax>
            <ymax>264</ymax>
        </bndbox>
    </object>
</annotation>