<annotation>
    <folder>XS_0815</folder>
    <filename>image-24386.jpg</filename>
    <size>
        <width>720</width>
        <height>480</height>
        <depth>3</depth>
    </size>
    <segmented>0</segmented>
    <object>
        <name>face</name>
        <pose>Unspecified</pose>
        <truncated>0</truncated>
        <occluded>0</occluded>
        <difficult>0</difficult>
        <bndbox>
            <xmin>58</xmin>
            <ymin>282</ymin>
            <xmax>270</xmax>
            <ymax>425</ymax>
        </bndbox>
    </object>
</annotation>