<annotation>
    <folder>XS_1638</folder>
    <filename>image-04801.jpg</filename>
    <size>
        <width>720</width>
        <height>480</height>
        <depth>3</depth>
    </size>
    <segmented>0</segmented>
    <object>
        <name>face</name>
        <pose>Unspecified</pose>
        <truncated>0</truncated>
        <occluded>0</occluded>
        <difficult>0</difficult>
        <bndbox>
            <xmin>444</xmin>
            <ymin>307</ymin>
            <xmax>547</xmax>
            <ymax>435</ymax>
        </bndbox>
    </object>
</annotation>