<annotation>
    <folder>XS_0814</folder>
    <filename>image-02470.jpg</filename>
    <size>
        <width>720</width>
        <height>480</height>
        <depth>3</depth>
    </size>
    <segmented>0</segmented>
    <object>
        <name>face</name>
        <pose>Unspecified</pose>
        <truncated>0</truncated>
        <occluded>0</occluded>
        <difficult>0</difficult>
        <bndbox>
            <xmin>351</xmin>
            <ymin>163</ymin>
            <xmax>440</xmax>
            <ymax>247</ymax>
        </bndbox>
    </object>
</annotation>