<annotation>
    <folder>XS_0805</folder>
    <filename>image-12966.jpg</filename>
    <size>
        <width>720</width>
        <height>480</height>
        <depth>3</depth>
    </size>
    <segmented>0</segmented>
    <object>
        <name>face</name>
        <pose>Unspecified</pose>
        <truncated>0</truncated>
        <occluded>0</occluded>
        <difficult>0</difficult>
        <bndbox>
            <xmin>559</xmin>
            <ymin>105</ymin>
            <xmax>620</xmax>
            <ymax>198</ymax>
        </bndbox>
    </object>
</annotation>