<annotation>
    <folder>XS_0805</folder>
    <filename>image-01922.jpg</filename>
    <size>
        <width>720</width>
        <height>480</height>
        <depth>3</depth>
    </size>
    <segmented>0</segmented>
    <object>
        <name>face</name>
        <pose>Unspecified</pose>
        <truncated>0</truncated>
        <occluded>0</occluded>
        <difficult>0</difficult>
        <bndbox>
            <xmin>255</xmin>
            <ymin>216</ymin>
            <xmax>391</xmax>
            <ymax>366</ymax>
        </bndbox>
    </object>
</annotation>