<annotation>
    <folder>XS_0811</folder>
    <filename>image-11754.jpg</filename>
    <size>
        <width>720</width>
        <height>480</height>
        <depth>3</depth>
    </size>
    <segmented>0</segmented>
    <object>
        <name>face</name>
        <pose>Unspecified</pose>
        <truncated>0</truncated>
        <occluded>0</occluded>
        <difficult>0</difficult>
        <bndbox>
            <xmin>495</xmin>
            <ymin>19</ymin>
            <xmax>720</xmax>
            <ymax>430</ymax>
        </bndbox>
    </object>
</annotation>