<annotation>
    <folder>XS_0811</folder>
    <filename>image-09717.jpg</filename>
    <size>
        <width>720</width>
        <height>480</height>
        <depth>3</depth>
    </size>
    <segmented>0</segmented>
    <object>
        <name>face</name>
        <pose>Unspecified</pose>
        <truncated>0</truncated>
        <occluded>0</occluded>
        <difficult>0</difficult>
        <bndbox>
            <xmin>277</xmin>
            <ymin>301</ymin>
            <xmax>434</xmax>
            <ymax>461</ymax>
        </bndbox>
    </object>
</annotation>