<annotation>
    <folder>XS_0807</folder>
    <filename>image-07517.jpg</filename>
    <size>
        <width>720</width>
        <height>480</height>
        <depth>3</depth>
    </size>
    <segmented>0</segmented>
    <object>
        <name>face</name>
        <pose>Unspecified</pose>
        <truncated>0</truncated>
        <occluded>0</occluded>
        <difficult>0</difficult>
        <bndbox>
            <xmin>379</xmin>
            <ymin>5</ymin>
            <xmax>548</xmax>
            <ymax>202</ymax>
        </bndbox>
    </object>
</annotation>